Sample,# Input reads,# Trimmed reads (fastp),% Non-host reads (Kraken 2),% Mapped reads,# Mapped reads,# Trimmed reads (iVar),Coverage median,% Coverage > 1x,% Coverage > 10x,# SNPs,# INDELs,# Missense variants,# Ns per 100kb consensus,Pangolin lineage,Nextclade clade
ERR5181310,1825254,1466148,NA,100.0,1466126,1465979,5790,99.0,99.0,26,6,14,1354.34,NA,NA
ERR5405022,309132,199036,NA,100.0,199028,198837,604,100.0,98.0,30,4,22,1977.65,NA,NA
ERR5556343,433660,296648,NA,99.94,296476,295980,1078,100.0,98.0,32,1,21,2114.14,NA,NA
ERR5743893,396664,206080,NA,94.59,194935,186492,718,99.0,98.0,27,1,21,2220.59,NA,NA
SRR13500958,147798,120316,NA,97.27,117027,115874,749,100.0,100.0,20,NA,10,404.64,NA,NA
